learning evaluation instances,evaluation time (cpu seconds),model cost (RAM-Hours),classified instances,classifications correct (percent),Kappa Statistic (percent),Kappa Temporal Statistic (percent),Kappa M Statistic (percent),model training instances,model serialized size (bytes),tree size (nodes),tree size (leaves),active learning leaves,tree depth,active leaf byte size estimate,inactive leaf byte size estimate,byte size estimate overhead
100000.0,5.328125,6.997367988030116E-7,100000.0,86.8,86.8,-238.4615384615382,86.8,481.0,23568.0,1.0,1.0,1.0,0.0,0.0,0.0,1.0
200000.0,9.8125,1.3387537910602986E-6,200000.0,81.5,81.5,-478.12499999999966,81.5,427.0,22896.0,1.0,1.0,1.0,0.0,0.0,0.0,1.0
300000.0,14.0,1.8625728100434772E-6,300000.0,61.0,61.0,-786.3636363636356,61.0,285.0,23048.0,1.0,1.0,1.0,0.0,0.0,0.0,1.0
400000.0,18.125,2.3535086398219897E-6,400000.0,55.300000000000004,55.300000000000004,-893.3333333333323,55.300000000000004,181.0,22648.0,1.0,1.0,1.0,0.0,0.0,0.0,1.0
500000.0,22.25,2.834865816920582E-6,500000.0,69.89999999999999,69.89999999999999,-540.4255319148931,69.89999999999999,107.0,21984.0,1.0,1.0,1.0,0.0,0.0,0.0,1.0
581012.0,25.703125,3.2114920193432936E-6,581012.0,94.6,94.6,-170.0,94.6,109.0,22112.0,1.0,1.0,1.0,0.0,0.0,0.0,1.0
