learning evaluation instances,evaluation time (cpu seconds),model cost (RAM-Hours),classified instances,classifications correct (percent),Kappa Statistic (percent),Kappa Temporal Statistic (percent),Kappa M Statistic (percent),model training instances,model serialized size (bytes)
100000.0,3.6875,4.6871434379782944E-7,100000.0,87.3,87.3,-225.64102564102538,87.3,481.0,16584.0
200000.0,5.875,7.711988615079059E-7,200000.0,83.0,83.0,-431.24999999999966,83.0,427.0,15912.0
300000.0,8.171875,1.0488248598347934E-6,300000.0,61.0,61.0,-786.3636363636356,61.0,285.0,16064.0
400000.0,10.296875,1.2927638534973892E-6,400000.0,71.0,71.0,-544.4444444444439,71.0,181.0,15664.0
500000.0,12.421875,1.5317683897188139E-6,500000.0,71.39999999999999,71.39999999999999,-508.5106382978719,71.39999999999999,107.0,15000.0
581012.0,14.125,1.7103381429074538E-6,581012.0,94.6,94.6,-170.0,94.6,109.0,15128.0
