learning evaluation instances,evaluation time (cpu seconds),model cost (RAM-Hours),classified instances,classifications correct (percent),Kappa Statistic (percent),Kappa Temporal Statistic (percent),Kappa M Statistic (percent),model training instances,model serialized size (bytes),tree size (nodes),tree size (leaves),active learning leaves,tree depth,active leaf byte size estimate,inactive leaf byte size estimate,byte size estimate overhead
100000.0,5.34375,7.017888128757476E-7,100000.0,86.8,86.8,-238.4615384615382,86.8,481.0,23568.0,1.0,1.0,1.0,0.0,0.0,0.0,1.0
200000.0,9.578125,1.3051811644497017E-6,200000.0,81.5,81.5,-478.12499999999966,81.5,427.0,22896.0,1.0,1.0,1.0,0.0,0.0,0.0,1.0
300000.0,13.765625,1.8290001834328803E-6,300000.0,61.0,61.0,-786.3636363636356,61.0,285.0,23048.0,1.0,1.0,1.0,0.0,0.0,0.0,1.0
400000.0,17.9375,2.3255148294588758E-6,400000.0,55.300000000000004,55.300000000000004,-893.3333333333323,55.300000000000004,181.0,22648.0,1.0,1.0,1.0,0.0,0.0,0.0,1.0
500000.0,22.265625,2.8305752008842925E-6,500000.0,69.89999999999999,69.89999999999999,-540.4255319148931,69.89999999999999,107.0,21984.0,1.0,1.0,1.0,0.0,0.0,0.0,1.0
581012.0,25.546875,3.188455302733928E-6,581012.0,94.6,94.6,-170.0,94.6,109.0,22112.0,1.0,1.0,1.0,0.0,0.0,0.0,1.0
