learning evaluation instances,evaluation time (cpu seconds),model cost (RAM-Hours),classified instances,classifications correct (percent),Kappa Statistic (percent),Kappa Temporal Statistic (percent),Kappa M Statistic (percent),model training instances,model serialized size (bytes)
100000.0,3.484375,4.428953333343897E-7,100000.0,87.3,87.3,-225.64102564102538,87.3,481.0,16584.0
200000.0,5.765625,7.583434732320408E-7,200000.0,83.0,83.0,-431.24999999999966,83.0,427.0,15912.0
300000.0,8.234375,1.0567442061276072E-6,300000.0,61.0,61.0,-786.3636363636356,61.0,285.0,16064.0
400000.0,10.390625,1.3042705379323E-6,400000.0,71.0,71.0,-544.4444444444439,71.0,181.0,15664.0
500000.0,12.5625,1.548547233040962E-6,500000.0,71.39999999999999,71.39999999999999,-508.5106382978719,71.39999999999999,107.0,15000.0
581012.0,14.34375,1.7353082593116496E-6,581012.0,94.6,94.6,-170.0,94.6,109.0,15128.0
