learning evaluation instances,evaluation time (cpu seconds),model cost (RAM-Hours),classified instances,classifications correct (percent),Kappa Statistic (percent),Kappa Temporal Statistic (percent),Kappa M Statistic (percent),model training instances,model serialized size (bytes),tree size (nodes),tree size (leaves),active learning leaves,tree depth,active leaf byte size estimate,inactive leaf byte size estimate,byte size estimate overhead
100000.0,3.375,3.86405736207962E-7,100000.0,82.39999999999999,82.39999999999999,-351.282051282051,82.39999999999999,100000.0,442560.0,33.0,17.0,17.0,10.0,0.0,0.0,1.0
200000.0,5.15625,1.0817358270287515E-6,200000.0,84.2,84.2,-393.74999999999966,84.2,200000.0,1508928.0,103.0,52.0,52.0,13.0,0.0,0.0,1.0
300000.0,7.21875,2.1468316360066335E-6,300000.0,78.4,78.4,-390.90909090909037,78.4,300000.0,1996168.0,133.0,67.0,67.0,15.0,0.0,0.0,1.0
400000.0,9.375,3.8373355831330025E-6,400000.0,69.19999999999999,69.19999999999999,-584.444444444444,69.19999999999999,400000.0,3030536.0,189.0,95.0,95.0,16.0,0.0,0.0,1.0
500000.0,11.5,5.912587188908624E-6,500000.0,67.10000000000001,67.10000000000001,-599.9999999999993,67.10000000000001,500000.0,3774976.0,233.0,117.0,117.0,17.0,0.0,0.0,1.0
581012.0,13.265625,7.791765480457496E-6,581012.0,72.39999999999999,72.39999999999999,-1279.9999999999989,72.39999999999999,581012.0,4114072.0,261.0,131.0,131.0,17.0,0.0,0.0,1.0
