learning evaluation instances,evaluation time (cpu seconds),model cost (RAM-Hours),classified instances,classifications correct (percent),Kappa Statistic (percent),Kappa Temporal Statistic (percent),Kappa M Statistic (percent),model training instances,model serialized size (bytes)
100000.0,156.8125,1.4029282067591945E-4,100000.0,79.60000000000001,79.60000000000001,-423.0769230769225,79.60000000000001,100000.0,3458256.0
200000.0,314.0,2.809211363395055E-4,200000.0,79.2,79.2,-549.9999999999993,79.2,200000.0,3458256.0
300000.0,471.703125,4.220107576111331E-4,300000.0,83.89999999999999,83.89999999999999,-265.90909090909065,83.89999999999999,300000.0,3458256.0
400000.0,631.21875,5.64721937989816E-4,400000.0,57.199999999999996,57.199999999999996,-851.1111111111104,57.199999999999996,400000.0,3458256.0
500000.0,788.53125,7.054620853159577E-4,500000.0,53.400000000000006,53.400000000000006,-891.4893617021268,53.400000000000006,500000.0,3458256.0
581012.0,914.421875,8.180905484672015E-4,581012.0,92.5,92.5,-274.9999999999995,92.5,581012.0,3458256.0
