learning evaluation instances,evaluation time (cpu seconds),model cost (RAM-Hours),classified instances,classifications correct (percent),Kappa Statistic (percent),Kappa Temporal Statistic (percent),Kappa M Statistic (percent),model training instances,model serialized size (bytes)
100000.0,2.40625,2.4780424104796515E-8,100000.0,78.9,78.9,-441.0256410256404,78.9,100000.0,39808.0
200000.0,4.71875,4.859537714057499E-8,200000.0,52.6,52.6,-1381.2499999999986,52.6,200000.0,39808.0
300000.0,7.046875,7.25712420211898E-8,300000.0,64.3,64.3,-711.3636363636356,64.3,300000.0,39808.0
400000.0,9.390625,9.670801874664094E-8,400000.0,31.0,31.0,-1433.3333333333321,31.0,400000.0,39808.0
500000.0,11.75,1.2100570731692843E-7,500000.0,41.0,41.0,-1155.319148936169,41.0,500000.0,39808.0
581012.0,13.609375,1.40154216852453E-7,581012.0,63.800000000000004,63.800000000000004,-1709.9999999999984,63.800000000000004,581012.0,39808.0
